{
    "Algorithm": "SVD",
    "RMSE": 0.935171451026933,
    "Precision_at_10": 0.7115674603174597,
    "Recall_at_10": 0.5427854708784838
}